0,-1,0,0,0,0
0.004334674054752372,-1.0517353062630912,0.040802447900336464,0.012203225030217422,0.004206738889354629,-0.0011546388479736006
0.009002748656257126,-1.1020692600046178,0.07993285280364189,0.024642424125740775,0.008598019254525994,-0.0022976391507624214
0.014083789552604638,-1.1510778498480483,0.11743697930547634,0.037353977714935815,0.013217494292007928,-0.0034393171961221696
0.01966177598777779,-1.1988457134264356,0.15339683421086314,0.05034594893586578,0.018111429658313336,-0.004590704303457502
0.025824439610121947,-1.2454637342216481,0.1879224040309894,0.06360392553063221,0.023328351657585025,-0.005763765857901736
0.03266190101647294,-1.2910271971009515,0.221144714457402,0.07709612665947205,0.028918309792710584,-0.006971665244711944
0.04026418977495509,-1.3356347078143675,0.25321064426399176,0.09077753773374378,0.03493152336346268,-0.00822903166897584
0.04871712867581096,-1.3793880486225405,0.28427976076448314,0.10459296782106083,0.041416121862274446,-0.00955216182643316
0.05809601155259505,-1.4223931031887058,0.31452328311298683,0.1184790454150784,0.048414657841298656,-0.010959044755069477
0.06845659828633456,-1.4647619047186475,0.34412506576127727,0.13236530271115138,0.05595911969596673,-0.01246905017321428
0.07982333360863482,-1.5066156923927216,0.373284149653179,0.14617467474301277,0.06406438029245225,-0.014102078525730484
0.09217552998886651,-1.548088554370858,0.4022178929898073,0.15982397207902507,0.07272047697066174,-0.01587697114442441
0.10543360711154351,-1.589330787576216,0.43116399938847116,0.17322514101504863,0.08188486988422025,-0.017809078248340614
0.11944911293428678,-1.6305106257036583,0.46037913992198337,0.18628828519494023,0.09147674063370147,-0.019907138487495188
0.13400340533782662,-1.6718127574366963,0.4901318007271613,0.19892728092217135,0.10137605302267694,-0.022170035478747407
0.1488193467652562,-1.7134324652316106,0.5206880564662675,0.21106817547355836,0.11142983164948757,-0.024584423926476563
0.16358721953067926,-1.7555654863059313,0.5522913561817353,0.2226594358802516,0.12146638890021116,-0.027124362611107098
0.17800081504738094,-1.7983955103134754,0.5851403384387036,0.23368195480688758,0.13131531168987398,-0.029753659444456446
0.19179479274036682,-1.8420826271413313,0.6193704828748505,0.24415626149237218,0.1408282894805618,-0.0324306467990537
0.2047731258935378,-1.8867560084031803,0.6550445804632633,0.2541451285574779,0.14989510460629155,-0.03511406231683799
0.2168219590013004,-1.932512483173931,0.6921537251502358,0.26375142335028817,0.1584510140096341,-0.037768281973589675
0.22790639792573408,-1.9794204172939693,0.7306267211913513,0.2731126653016254,0.1664751862457768,-0.040366600856822116
0.23805594922249682,-2.027526733543526,0.770343593924671,0.2823944573895094,0.1739827671623555,-0.04289221101015516
0.24734521176084986,-2.076864631946617,0.811148989311173,0.29178463049185793,0.18101423037347927,-0.04533735909159403
0.25587528300800416,-2.127460266746287,0.8528628169717555,0.30148907334541164,0.18762506075680072,-0.04770151855422719
0.26375890687384795,-2.1793376052605757,0.8952872596721857,0.31172940012186656,0.1938774763072893,-0.04998932607571168
0.27111019435497663,-2.2325214287286697,0.9382104646354334,0.32274212244008654,0.19983467205864971,-0.05220875043955042
0.2780384263320213,-2.2870387962913363,0.9814077282273871,0.3347788364977416,0.20555732854137884,-0.054369687764264894
0.2846449371275907,-2.342919367477234,1.0246410099946872,0.348106974725442,0.2111018365439111,-0.056482996318702745
0.2910220627909172,-2.4001949055312486,1.0676574290659566,0.3630107778853919,0.21651967679392195,-0.05855989771096393
0.29725333441748697,-2.458898166743551,1.1101871787060624,0.3797922443675288,0.22185749932926963,-0.060611647304157315
0.3034143326946459,-2.519061272014644,1.1519411201888623,0.3987718815246235,0.22715757696847208,-0.06264938401326046
0.3095738199419333,-2.5807135737136164,1.1926082024888764,0.4202891179844914,0.2324584179339151,-0.06468408773351449
0.31579491053456527,-2.643878974080741,1.2318527909636088,0.444702244762191,0.2377954029518003,-0.0667265911968129
0.32213613463440743,-2.7085726163385617,1.2693119608566814,0.4723877474248514,0.2432013644877815,-0.06878760813636155
0.32865230581324056,-2.7747968519209407,1.304592806111873,0.5037388814688449,0.24870705682415062,-0.07087775065849129
0.33539513262203485,-2.8425363846528535,1.3372698201262099,0.5391633372899595,0.254341482165523,-0.07300751649070929
0.3424135274802473,-2.911752505705948,1.3668824152878192,0.5790798479778189,0.260132045464697,-0.0751872326114199
0.349753571510569,-2.982376364342283,1.3929326571781633,0.623913621052126,0.2661045137299574,-0.0774269471247545
0.3574580982050958,-3.0543012731765873,1.414883293079025,0.6740905330042022,0.2722827582332557,-0.07973626763209522
0.36556586918678935,-3.1273741282840932,1.4321561491746135,0.7300301222987207,0.278688264363702,-0.08212415332865848
0.3741103396330595,-3.201386139274293,1.444130952353728,0.792137561403108,0.28533940835738936,-0.08459868118888757
0.3831180574902086,-3.276063215962967,1.4501445949635368,0.860794989439093,0.2922505275634181,-0.08716682529891084
0.39260681660923025,-3.3510565451859495,1.4494907952085012,0.9363528493689428,0.29943085533469566,-0.08983431343571137
0.40258379152967905,-3.425934102552464,1.441419998030141,1.0191221965274107,0.30688345411536416,-0.09260565574013498
0.4130440118437745,-3.5001740520374898,1.4251391912309237,1.109369316909643,0.31460435533175946,-0.09548447355962712
0.42396966029690275,-3.5731611408209245,1.3998110566869688,1.207314382620644,0.32258218652677845,-0.09847428542246497
0.43533075522080267,-3.644187224000047,1.3645515249182139,1.3131362166184344,0.33079860803359046,-0.10157992168222395
0.44708775096594244,-3.7124568742068527,1.3184243849794783,1.426985435672842,0.33922986245087383,-0.10480973072001397
0.4591964291783002,-3.7770986106235673,1.2604312630081775,1.5490081318700373,0.3478496433095196,-0.10817870985051962
0.4716151973735299,-3.837181733232757,1.1894954045450874,1.6793816009699367,0.3566333380664311,-0.11171267155486687
0.48431470666474147,-3.8917385015887196,1.1044391765456334,1.8183620033184589,0.36556358140534745,-0.1154536091998211
0.49728981627696883,-3.93979249176173,1.0039601206982711,1.9663402529247849,0.3746371230685019,-0.11946667017777783
0.5105747555231008,-3.9803986335028916,0.8866236458842962,2.123894215578257,0.38387349118788766,-0.12384972778473295
0.5242644266170903,-4.01271335679043,0.7509235561667084,2.2918055470371828,0.39332713691436944,-0.12874761244441602
0.5385490562377245,-4.036143484136939,0.595538672575453,2.470962672108621,0.4031071960909313,-0.1343745723093738
0.5537767736915091,-4.0506800240037295,0.4200648859430892,2.66197564001754,0.41341326183578275,-0.1410493078337668
0.5705656641110629,-4.057574160312673,0.22664924488844493,2.864222755766812,0.4245997799648332,-0.149241394418106
0.5899672027027761,-4.060301692096619,0.02244256391807989,3.0743249704830498,0.43727135302342124,-0.15960261116031713
0.6135832989735714,-4.064800169679478,-0.1796587204953527,3.285523294667348,0.45235599259961484,-0.17292165046771954
0.6434708153991299,-4.077476672173054,-0.3657523350110159,3.4903018512708868,0.47106301744099355,-0.1900173598863913
0.6819515671143774,-4.102539316622769,-0.5271754390669102,3.6840036602509043,0.49478728690683654,-0.2117645374719979
0.7315788164273508,-4.14161542676237,-0.661000575385757,3.865093875683148,0.5250982211944842,-0.23929410169258344
0.7950387088609161,-4.194806548305311,-0.7672161910401303,4.033480196728164,0.563688513392989,-0.2741349964248458
0.874473978487001,-4.261441021285499,-0.8468623996452983,4.189399256359857,0.611980405609605,-0.31804548297519464
0.969729917269201,-4.340220425036448,-0.9016644564674029,4.333138494909698,0.6700725604451644,-0.3721874084319569
1.075799160959105,-4.429078970933776,-0.934338248205269,4.46510484536134,0.7351512004498686,-0.4354218128621256
1.182313025820756,-4.525400839055568,-0.9483103700729635,4.585713262613143,0.8010552513096627,-0.5029618119032887
1.27837064082667,-4.626983320364475,-0.946083694844424,4.694851490018702,0.8610922517591383,-0.5681081082367743
1.3583373973553448,-4.732695082330988,-0.9280618698671006,4.791571343516245,0.91162217375043,-0.6260727351831313
1.422104756624398,-4.842109280993822,-0.8933609757983074,4.874556489669574,0.9523689206169454,-0.6753663245113607
1.4721439718585971,-4.954994156138865,-0.8410146503460448,4.94270798483334,0.9847011997335444,-0.7165936517009857
1.5113439317691357,-5.0711438810297516,-0.7704587310733642,4.995371478893099,1.010310301490004,-0.7510774058298582
1.5421795334100876,-5.190378978877323,-0.681586031719558,5.032356086540196,1.030677222179259,-0.7801537002735874
1.5665527843240927,-5.312542477916904,-0.5747719970454809,5.053948171294826,1.0469548222963707,-0.8049351208293414
1.5858552921621474,-5.437419327563218,-0.4510672033438709,5.061025785995534,1.059993165207989,-0.8262745895813579
1.601075604367864,-5.564551251191009,-0.31264362058539263,5.055326379672664,1.0703980910901172,-0.8447968276918132
1.6129054180969415,-5.6929728989351975,-0.1634291065687792,5.039827189202733,1.0785931549111079,-0.8609508607773775
1.6218444327771795,-5.821032658394589,-0.00947803124588631,5.018949051082353,1.0848841690318496,-0.8750731439949558
1.6283013577661445,-5.946599469584029,0.14175547750157283,4.998046545940992,1.0895239375735801,-0.8874519859783716
1.6326600931283375,-6.067717763515338,0.2834006428255855,4.982079479480528,1.09275524430764,-0.8983669087232439
1.6352847140022346,-6.183196586596455,0.41095164763643804,4.974409737891677,1.0948129277031287,-0.9080851442349424
1.63649099888616,-6.292666255329152,0.5225114425372157,4.97660380206963,1.0959030902851699,-0.9168378313420473
1.6365287939782567,-6.396272992699147,0.6179562759500372,4.988959436330415,1.0961896775479114,-0.9248070975537288
1.6355854389020685,-6.494368798671545,0.69803652435958,5.01109614264532,1.0957957291935372,-0.9321291924444384
1.6337991654251949,-6.58732939407725,0.7638145484085239,5.0423378387882725,1.0948118269630862,-0.9389045838212379
1.6312730063391938,-6.675477317218052,0.8163943771417068,5.0819083827014975,1.0933051890096075,-0.945208081080104
1.6280857220624498,-6.75906194061206,0.8568153723788611,5.129019309146777,1.0913269116613549,-0.9510966229875125
1.6242994050959052,-6.8382645219966065,0.8860218887049192,5.182906068706547,1.0889170438652471,-0.9566146216730407
1.6199643745408319,-6.91321224058828,0.904863542457544,5.242842330942027,1.0861078614482804,-0.961797384562166
1.6151220627925116,-6.983994061292321,0.9141055202871975,5.308145923289389,1.0829257903628047,-0.9666731614401103
1.609806466363267,-7.050675478250864,0.914440450705545,5.378182027213287,1.079392351435122,-0.9712642464222495
1.6040445890309167,-7.113311048957384,0.9064988097514276,5.452365616488409,1.0755244084102196,-0.9755874461680689
1.597856190142745,-7.171954440343829,0.890857168836228,5.530163563274358,1.071333927106623,-0.9796541328847762
1.5912530595669647,-7.226666077493077,0.8680445442574786,5.611096235956607,1.0668273942454771,-0.9834700294698905
1.584237962384193,-7.2775186762984205,0.8385474644808072,5.694738237357787,1.0620049927412312,-0.9870348167228352
1.5768033234803778,-7.324601058999423,0.8028144875255547,5.780717931595359,1.0568595809116819,-0.9903416037953778
1.568929651642914,-7.368020734763092,0.7612609345639996,5.868715461197964,1.0513754741289714,-0.9933762606949136
1.5605836341032953,-7.407905788219002,0.7142746255615614,5.958459004588526,1.0455269787136063,-0.9961165750847418
1.551715766478431,-7.44440665787031,0.662223430421188,6.049719044863619,1.0392765801556472,-0.9985311650453463
1.5422573223676197,-7.477698396122651,0.6054654707154599,6.142300419246027,1.0325726432769464,-1.0005780563828661
1.5321164203546944,-7.5079839622703615,0.5443627637298002,6.236031931835697,1.0253464476870433,-1.002202822940195
1.5211729400967071,-7.535498963635229,0.4792988660671802,6.330753420267239,1.0175083777384848,-1.0033362067345188
1.5092721401687537,-7.560517945949301,0.41070043132863676,6.426300503455243,1.0089431621148581,-1.0038912195627345
1.4962171876914259,-7.583361720898542,0.33906124204767474,6.522487983444121,0.9995043257077576,-1.0037599612410826
1.4817617209586542,-7.604404177935909,0.26496491715524745,6.619094193641082,0.9890086972743805,-1.0028109307984843
1.4656055417664535,-7.624075520557748,0.1890991199125785,6.715850459915991,0.9772332901608514,-1.0008887181133073
1.4474002414673035,-7.642857123275054,0.11225041807236619,6.81244180370161,0.9639196342337306,-0.997819959391103
1.4267772847751494,-7.661261936701047,0.03526687254451792,6.908525930550857,0.9487948843410243,-0.9934323477348703
1.4034168748875053,-7.679794981762193,-0.04102185487317127,7.003775646721495,0.9316233022194075,-0.9875959958544922
1.3771737806854139,-7.698893377440062,-0.11592520508542999,7.097942991557431,0.9123000035987721,-0.9802938428596957
1.348249136652468,-7.718857862325992,-0.18902580489731327,7.1909295986361235,0.8909784860633204,-0.9717109662327288
1.3173323295669495,-7.739807847434323,-0.2602624761303588,7.282829002584658,0.8681751639400701,-0.9622969458353208
1.285575260511214,-7.761703360855516,-0.3298811677889208,7.373899102789516,0.8447486621269483,-0.952727625834143
1.254319891312479,-7.784446430625614,-0.3982359699160817,7.464456430420565,0.8216961236391933,-0.9437363721308218
1.224708613473612,-7.808005728767324,-0.4655515454118781,7.554750629364082,0.7998639623753557,-0.9359020789281293
1.197430502403967,-7.832482937487607,-0.5318006996932724,7.644899221964317,0.7797608889548926,-0.9295323098826468
1.172713053326839,-7.858098767895291,-0.5967342668468228,7.734901916562111,0.7615532831500073,-0.924684229786921
1.1504647405726829,-7.885139592710084,-0.6599817879647805,7.824691517610479,0.7451717316062587,-0.9212572337525717
1.13043379617113,-7.913908406537991,-0.7211394426567105,7.914177467383805,0.7304288726480322,-0.9190825621145434
1.1123191701897988,-7.944695982195756,-0.7798167948063962,8.003267241630038,0.7171014415629997,-0.9179804765252013
1.0958301799677814,-7.977769131217642,-0.8356501248204141,8.091869967401372,0.704974218764992,-0.9177878980067522
1.0807118294785485,-8.013368500351826,-0.8882978244275733,8.179890579110934,0.6938585867857385,-0.9183679725001775
1.0667517718584467,-8.051710195713204,-0.937429056778717,8.267220447953184,0.6835975539583821,-0.9196107787335056
1.0537789600210892,-8.092988163835487,-0.9827115134047854,8.353727537555878,0.674064674779074,-0.9214304931129383
1.0416592398657456,-8.137376049992616,-1.0238006319902713,8.439247332016341,0.6651607427629475,-0.9237615792752595
1.0302902981710433,-8.185028214073528,-1.0603309006778823,8.523574926524688,0.656810029956945,-0.9265550697886618
1.0195969135178995,-8.23608004022174,-1.0919091467396271,8.60645836087085,0.6489567678830515,-0.9297752938391691
1.0095267742521914,-8.290647879693562,-1.1181094613027016,8.687593218380552,0.64156206130253,-0.9333971038090985
1.0000468429230736,-8.348829055827746,-1.1384693568885222,8.766618544350118,0.6346012173601338,-0.9374035499561073
0.9911401584566675,-8.41070240007977,-1.1524867516506951,8.843114177493803,0.6280614080730691,-0.9417839372082717
0.9828029744112137,-8.476329803754135,-1.1596173629774298,8.916599595999738,0.6219395892705518,-0.9465322197373475
0.9750421841996695,-8.545759268305511,-1.1592720506525358,8.986534338265674,0.6162406374960079,-0.9516457231238681
0.9678730557447663,-8.61902991787274,-1.1508135716785761,9.052319961823788,0.6109757189297282,-0.9571242187396272
0.9613173727224837,-8.696179398553388,-1.133552104770655,9.11330335977142,0.6061609597153228,-0.9629694048811608
0.955402147860126,-8.777254023873878,-1.106738803925851,9.168781089768784,0.6018165385347031,-0.9691848732081324
0.9501591332623599,-8.862321917876981,-1.069556626300952,9.218004252293982,0.5979663683762128,-0.975776661056857
0.9456254103357974,-8.951489207679858,-1.0211079364184428,9.260183526651868,0.5946385805191525,-0.9827545196107357
0.941845415167052,-9.044918897576135,-0.9603993470621127,9.294494545382818,0.5918670831719582,-0.9901340794875703
0.9388748703635519,-9.142851094036313,-0.8863269007745326,9.3200855297369,0.5896945600500365,-0.9979401867316571
0.9367872741425735,-9.245620971704911,-0.7976712436091357,9.336093468792694,0.5881774187915848,-1.0062118243342808
0.9356838174112176,-9.353665526788294,-0.6931277167967752,9.341685150107663,0.5873933797917744,-1.0150091964081778
0.9357076451361037,-9.467498257671174,-0.5714296664833244,9.336160782032561,0.5874524557379198,-1.0244235460812328
0.9370624464508066,-9.587607585782953,-0.4316871594984929,9.319197876569161,0.5885114094112689,-1.0345894325976037
0.9400313261922993,-9.714203594320448,-0.27414558908160647,9.291361659552306,0.590788778137933,-1.0456957340154052
0.9449819524833726,-9.846754020971561,-0.1015124289378469,9.254962339692506,0.5945700030606108,-1.057983110138582
0.9523347448436636,-9.983488725082765,0.0796753517704728,9.214895836412557,0.6001849372469451,-1.0717073007544666
0.962498671439846,-10.121536389226302,0.25951703155361505,9.178258251779365,0.607960539139513,-1.087070622447249
0.9758528769176258,-10.25809533809857,0.42817140337013326,9.152060192861413,0.6182076510075282,-1.1041904309235682
0.9928307481746007,-10.391548857557689,0.5791819827355053,9.141051127448637,0.6312859500527861,-1.123161735824497
1.0140338836284104,-10.521467533847966,0.7096925229430171,9.147567191024727,0.6476934799174432,-1.1441545945081173
1.0402999022333541,-10.648011361745963,0.8189228870222115,9.17249186026609,0.6681230705430924,-1.167475783902235
1.072713520899002,-10.771437259536693,0.9068844238450338,9.216054322526867,0.6934767934875458,-1.193590406669169
1.1125352625095442,-10.891839647014669,0.9737348475782381,9.278207498866122,0.72481691368351,-1.2231046390926141
1.1609375266969988,-11.009014190706747,1.01950897993336,9.358742706203518,0.7631630678472127,-1.2566632171803371
1.218315521935227,-11.122327168756403,1.0439519819024494,9.45728890575743,0.8089417824165013,-1.294640955426821
1.2829409818949433,-11.230514460411033,1.0462846103696424,9.573284460170035,0.8608814960414317,-1.3364761910991483
1.3494908503089424,-11.331491528955159,1.0249387629500575,9.705998743203775,0.914753890204824,-1.379833983752775
1.4097938707362905,-11.422555277346486,0.9776693221000108,9.854686661656116,0.9638800520417629,-1.4207650344314224
1.457177184896034,-11.50114787702077,0.9023087067275954,10.018798753132643,1.0026536458546111,-1.455800423653053
1.4899564083885366,-11.565494534160308,0.7974658539529774,10.198015352437018,1.029508261630306,-1.4838963780031165
1.5103614402558319,-11.614654388729784,0.6625055594167605,10.392203894925519,1.0461469307450433,-1.5060677301816128
1.52176433741069,-11.648419967934705,0.4973977426597863,10.601329507884596,1.0552838875680506,-1.5239861370088956
1.5270942681621829,-11.66764042570379,0.30361464678944505,10.82480890685629,1.0593143561945795,-1.539111255557408
1.5285277804336321,-11.675287214299072,0.08692149061486898,11.059744362330198,1.060036815758537,-1.5524748698276618
1.5277132609066026,-11.677680193518981,-0.13929117950229408,11.298801264165832,1.0588301803372233,-1.5647579678482475
1.5259279881857235,-11.683279357428296,-0.35665844644126726,11.531743279606482,1.0567792739526567,-1.5764025462446416
1.523977931951265,-11.698469137151058,-0.5518808941334269,11.751438013547464,1.054578845239793,-1.5876639586051164
1.5221986157345366,-11.72569587375632,-0.7207377695517165,11.956058641658704,1.0525229879881166,-1.5986558060775122
1.5206441041499827,-11.76495135098616,-0.8640858940260457,12.146490556788326,1.0506617523919672,-1.6094109270753607
1.519243035598921,-11.815293689199438,-0.9841677076135117,12.324099090426909,1.0489342707896068,-1.6199251935668209
1.5178700301857053,-11.875511802967457,-1.0831669119308105,12.48992696467126,1.0472304888949218,-1.630178521080961
1.5163725605019522,-11.944337097044274,-1.1628776817962994,12.644569591146103,1.0454146684945007,-1.6401435821233434
1.5145821217251134,-12.020504268461043,-1.2247265536108078,12.788256499915173,1.0433353201876832,-1.6497895943443124
1.5123212260120296,-12.10277648730516,-1.2698707701829326,12.920973831772832,1.0408315450342718,-1.6590843656553511
1.5094094101385536,-12.189968846380019,-1.2992917796478602,13.042579719597237,1.0377385535371573,-1.6679956551023873
1.5056681338304685,-12.280975721837931,-1.3138646945978678,13.152899291159512,1.033892217639192,-1.6764920091403939
1.50092345253952,-12.374799055958524,-1.3144025969603261,13.251795671319847,1.0291316209903187,-1.6845429300227481
1.4950054861615052,-12.470573063717255,-1.301679372832684,13.33921652118921,1.0232986914498083,-1.6921182310591567
1.487744279728394,-12.567581988781898,-1.2764357042336107,13.41521748442125,1.016234517809641,-1.6991865502273946
1.478962170146964,-12.665269433383326,-1.2393726854833227,13.479965435281866,1.0077724257400864,-1.7057130998408394
1.4684629669016698,-12.763239578445184,-1.1911370412192173,13.533725591239627,0.9977280694361055,-1.7116567605081865
1.4560180794125612,-12.861251900307938,-1.132301304945878,13.576837183039807,0.9858866398747065,-1.71696657901436
1.4413492637681378,-12.95921166561704,-1.0633416542772252,13.609682410529512,0.9719868712819042,-1.7215776330233732
1.4241070232922615,-13.0571585816733,-0.9846155213647743,13.63265297754704,0.9557009397312339,-1.7254061196261472
1.403842961802886,-13.155255571901876,-0.8963408713782798,13.646117902536652,0.9366086656040112,-1.7283434518623735
1.379973654086323,-13.253778747992126,-0.7985796699146847,13.650396038308015,0.9141637470460608,-1.7302491781902396
1.351733160685728,-13.353108078354968,-0.6912304641108374,13.645737543558624,0.8876493417305645,-1.7309428437597314
1.3181121443884625,-13.45371543503998,-0.5740408597375132,13.632321568543741,0.8561210878423418,-1.7301959167330465
1.277786501767079,-13.556141454883262,-0.4466627380814062,13.610284325297217,0.8183402853701995,-1.727727638098178
1.2290550357047296,-13.66094330004137,-0.3087942352922294,13.579804061670686,0.7727154873836785,-1.7232153637474243
1.1698508902267266,-13.76858190045844,-0.16047918228830343,13.541284336860858,0.717312999877103,-1.7163444656943139
1.0979911285699149,-13.879209745890087,-0.002634051063453685,13.495672965570904,0.6500899269826282,-1.7069467810822547
1.0119712160651984,-13.992357290894452,0.16225470215537527,13.444870103151617,0.5696363279755519,-1.6952878454732434
0.912555394642571,-14.106664133701226,0.3296928126520079,13.39195239744136,0.4766604052536678,-1.6824632307089074
0.8045022559685066,-14.22002948800884,0.49382244843065,13.340739879196938,0.37559838572661003,-1.6705191452288901
0.6961641190141542,-14.330453211609461,0.6494029014041622,13.29464262911502,0.27423818007588446,-1.6616941655044486
0.5958672285975013,-14.436988071461835,0.7935883356397451,13.255728384402357,0.18034182223049472,-1.6571392952870079
0.5084598590499766,-14.539855368109329,0.9258818602666267,13.224808211974114,0.09842902821425847,-1.6565399912991068
0.43501775195035575,-14.639900086550487,1.0470053463089066,13.202037983083164,0.02950462986256132,-1.6588218970270854
0.37439890881363425,-14.738104941344629,1.157991356786714,13.187381170332229,-0.0274925468375245,-1.6628909517005441
0.3246736071625799,-14.835371197919171,1.2597589704614385,13.18083385114423,-0.07435794491188603,-1.6679326220365849
0.28389243168284406,-14.932460382483013,1.3529751426548626,13.18250807555755,-0.11290607419924878,-1.6734218734879611
0.25037865635134415,-15.029995267420892,1.438036570024224,13.192648528832294,-0.14469813074616059,-1.6790447100965797
0.2227878603955542,-15.128473435812374,1.5150924482821873,13.211620685137827,-0.17098634750560499,-1.6846208630782862
0.20007795774487047,-15.22827709598484,1.5840760812781463,13.239887295868563,-0.19274180565797583,-1.6900488174416686
0.18145478649213034,-15.329674757719898,1.6447343858450116,13.277979608668497,-0.2107050483604569,-1.695271093501352
0.16631803761349925,-15.432814447510895,1.696652699928536,13.326465287522497,-0.2254364066048298,-1.7002535066462003
0.15421467855490656,-15.537709420409982,1.7392751503191948,13.385913606261862,-0.23735935304706413,-1.7049733010386308
0.14480019749110778,-15.644217781537105,1.7719214726239247,13.456858503477198,-0.2467965585704082,-1.7094129303947694
0.1378057657909324,-15.752017763337186,1.7938010325198797,13.539760722882912,-0.2540003990020221,-1.7135577101207256
0.1330090977925747,-15.860580883853693,1.8040244745739225,13.634971162999987,-0.2591799522437997,-1.7173964744899912
0.13020740984900306,-15.969145987865401,1.8016131486868743,13.742698611111178,-0.26252594478993224,-1.7209248078052095
0.12919222886540835,-16.07669834853336,1.7855062388334788,13.862986284099318,-0.2642338601615898,-1.7241504282189366
0.12972780119151367,-16.181959512107586,1.7545651208885866,13.995703160002373,-0.26452358911615437,-1.727099935949177
0.1315370102455725,-16.28339485653601,1.7075733819256584,14.140557972353132,-0.2636520503014403,-1.7298255496987118
0.13429968604931963,-16.37924556189494,1.6432283466493338,14.297145571602853,-0.26191437329854866,-1.732410009896847
0.13766618025074842,-16.46758789685306,1.5601152617299245,14.465036096295638,-0.2596311435915505,-1.7349680418173796
0.14128358299602795,-16.54641424458903,1.4566491254416836,14.643915574565488,-0.2571242692125423,-1.7376439896829723
0.14482570869762942,-16.613719244349298,1.3309646626583764,14.833781324567758,-0.2546896886318825,-1.7406072207227987
0.14801604210853245,-16.66756805481769,1.1807390996391285,15.035186912350078,-0.25257678210142037,-1.7440488681308335
0.15063858754834963,-16.706135253510208,1.002962888945108,15.24951446473009,-0.25097899234044807,-1.7481846708572804
0.15254568731295745,-16.727760316792807,0.7937940633644778,15.47919049674608,-0.2500273092847712,-1.7532684674661938
0.153701596502509,-16.731256250294102,0.5490786893383295,15.727503408671286,-0.24975145013633734,-1.7596159082847502
0.1543768883848726,-16.71726476157502,0.26754146228611597,15.996794039143646,-0.24990460934740683,-1.7676084033159454
0.1557169770105781,-16.69216109445864,-0.039395929258786266,16.28244352144096,-0.24944876022317042,-1.777536142512543
0.16037138605266987,-16.671571733592348,-0.3383917332300238,16.566719158902647,-0.2459785711155022,-1.789101022824625
0.17146461413067385,-16.670650847383595,-0.5978902083461319,16.83249640568941,-0.23663736843971644,-1.801301542469886
0.19131709460466684,-16.694139158587117,-0.811051481087008,17.07688711983833,-0.21926950074661355,-1.813231986231946
0.22177031266734748,-16.741347504906727,-0.9819944213223251,17.302830488356815,-0.19213261946029275,-1.8244383244757634
0.26381071570744036,-16.810411428279192,-1.1152154076030878,17.512690144932005,-0.15425493797433804,-1.8349044765264524
0.31610552361658817,-16.899010343765116,-1.2138056173052645,17.707107481131672,-0.10680203792726038,-1.8450477754496306
0.37396470506237295,-17.004239160369096,-1.279861494848814,17.885228634796654,-0.05406811323730041,-1.8555104153230657
0.43075185066125904,-17.122827469248598,-1.3147439741946332,18.045127698397998,-0.0022003970738418907,-1.8666848732487493
0.481058881181542,-17.251671240417483,-1.319090940046899,18.1843283340956,0.04374583495539425,-1.878456763158788
0.522427713290058,-17.38815421954205,-1.2930841774822468,18.300406269333042,0.08143606162286872,-1.8904312731662198
0.554824268253137,-17.530240747970243,-1.2368138857441933,18.39145076931545,0.11079531738869244,-1.9022494604400693
0.5794170953881397,-17.67654573421173,-1.1503944771312224,18.456231951306258,0.1328825039184187,-1.913701972503614
0.5976806343690689,-17.826401005408282,-1.0338505488155671,18.494129422802626,0.14905468152261117,-1.9246945168185174
0.6109451865671219,-17.979867020975252,-0.886946705777254,18.50495518649331,0.16054342525241852,-1.935177696200726
0.6202272755299543,-18.137636503727297,-0.7091847535932055,18.488839865548698,0.16829245998268716,-1.9450888393999834
0.6261837882198226,-18.300695929789832,-0.5004294808372589,18.446505885089312,0.1729116404475006,-1.954310825436848
0.6291067053571179,-18.469394298185932,-0.2631928758321217,18.380613616205633,0.17466964656002604,-1.9626504493289691
0.6289748279071553,-18.641551505126426,-0.0075801565718430775,18.298858322805714,0.17354114810276397,-1.9698759696849288
0.6256873669705264,-18.811196423565573,0.24557632684203207,18.215999511130022,0.1694269298007797,-1.9758832792519483
0.6193831444825598,-18.972131070991203,0.4750376069207628,18.147246142677908,0.16245633015151667,-1.9808538146414532
0.6103702058765925,-19.12246843171097,0.6722044612930164,18.09960837131656,0.15292094345670862,-1.985112059020395
0.5988486398226148,-19.263467641722112,0.8381325064028918,18.0735230872031,0.14101143559425988,-1.9889171374601609
0.5848298591936535,-19.397048198352305,0.9765479638692709,18.06732050057053,0.12674038591968803,-1.9924278651981024
0.5681696144857055,-19.52480923286543,1.090943417765588,18.07917973028907,0.10997335158549938,-1.9957387377305726
0.5486056241893231,-19.647869448498426,1.1840025575723616,18.107570869380787,0.09046458361127707,-1.9989120052521385
0.5257804515187599,-19.766922308375403,1.2576803595391974,18.151244568553928,0.06787888350117874,-2.0019978002378647
0.49925430902431145,-19.88231798229874,1.3133901075018164,18.209134046734405,0.04180399507607191,-2.005047574012816
0.4685129988457401,-19.99413385702978,1.3521697110616528,18.280262657480712,0.011758477182563478,-2.008125174816796
0.4329738386718526,-20.10223345554358,1.3748118147984836,18.363674538133395,-0.022802205668574268,-2.011318211877036
0.391991062500339,-20.206320877297983,1.3819661918446549,18.458388243346842,-0.06247990899128521,-2.014751402347568
0.34486345992155915,-20.30599743539016,1.3742242798139641,18.563370974360073,-0.1079256691469748,-2.0186029905614533
0.2908542550636892,-20.400823779597317,1.3521905591772654,18.67753235165896,-0.1598196965366082,-2.0231241875731243
0.22925236120189613,-20.490384156914182,1.316536408668799,18.799738400009318,-0.21881204372703367,-2.0286578909330126
0.1595414735052067,-20.574338182498472,1.2680175445959465,18.92884830028998,-0.2853616581771426,-2.0356423479148673
0.08179126691570196,-20.652429870331066,1.2074138721137337,19.06378089442067,-0.3593674667068514,-2.044561832902524
-0.0026283695572752175,-20.724413477941148,1.1353285194310616,19.203628287869144,-0.43949963645316503,-2.0557748031436263
-0.09019377240399738,-20.789885576346755,1.0518105987163007,19.347842382174207,-0.5224087730808401,-2.0691708623187175
-0.17511006258407313,-20.84812204274499,0.955939838218992,19.49647906968775,-0.6026373668703555,-2.0838164943367348
-0.25099465610700766,-20.89811458681085,0.8457685462423443,19.65033706262899,-0.6742205310599675,-2.0980524730911627
-0.31360255949326005,-20.93886740959302,0.7189036081236634,19.810750027450776,-0.7332397073548742,-2.110227070608196
-0.3621186681132505,-20.96978340598479,0.5734199026374073,19.97909180217992,-0.7790053976229137,-2.1194196390159132
-0.39828731120811867,-20.991009772071024,0.4086897517510284,20.15626651606902,-0.813211481107587,-2.1255531200554074
-0.42487503228094176,-21.003848780715078,0.22638681696032606,20.342088070894256,-0.8384823338630905,-2.129090221386634
-0.4446690613537485,-21.011332122209666,0.03199112182664887,20.53434905998066,-0.8574353401108514,-2.1307316841772663
-0.4600749545224648,-21.018411779729746,-0.16456831248258744,20.728362805839886,-0.8723096546345774,-2.131235778788187
-0.47293799750434873,-21.03069350159925,-0.35186577331014324,20.918587320098293,-0.8848088851342621,-2.131270298095027
-0.48445884962181757,-21.052372382703002,-0.5218369550013999,21.101338565421756,-0.8960345665938266,-2.1312920235659063
-0.4952961247291652,-21.085560997960158,-0.6710988534855306,21.27542700351638,-0.9065888573702702,-2.1315423887569467
-0.5057658690222229,-21.130970658313775,-0.7990298929718531,21.440959259408555,-0.9167609364023416,-2.132120913594289
-0.5159917203006901,-21.18864663722566,-0.9058828749461867,21.598220596961717,-0.9266655038384075,-2.133048014156946
-0.5259824876154431,-21.2583395867341,-0.9918734882180967,21.747150030256556,-0.9363142330927995,-2.134296238794652
-0.5356674534364404,-21.33963809661101,-1.056883395235782,21.887180485530664,-0.9456484933117187,-2.135802621864028
-0.5449143467866737,-21.43200827451464,-1.1004197916467848,22.01723921987125,-0.9545561239241362,-2.137474181208856
-0.5535424090996915,-21.53481751182691,-1.1216605590114506,22.13581842035574,-0.9628834911187526,-2.1391927194640656
-0.5613344774565489,-21.647376502326463,-1.1195156972847224,22.2410820507855,-0.970446380542411,-2.1408208934033452
-0.5680464926673938,-21.769012021448514,-1.0926745581204882,22.330990990301757,-0.9770384065306499,-2.1422086784574352
-0.5734092921939075,-21.899170929809095,-1.0396214512292263,22.40342886190661,-0.9824325578662148,-2.1431974891260115
-0.5771155384940354,-22.03754739779546,-0.9586103591456493,22.456310641408308,-0.9863698118630125,-2.1436182952852025
-0.5787830940941986,-22.18421599285419,-0.8476103937629866,22.487668386334263,-0.9885274672781108,-2.1432797823864047
-0.5778833363847882,-22.339732007407406,-0.7043015370506089,22.495756404045753,-0.9884574462375599,-2.1419422381501176
-0.57361910815574,-22.505093800814667,-0.5264055944979398,22.479358452356983,-0.985481554629704,-2.1392725052288486
-0.5647460100838182,-22.6812733969043,-0.31317489562983586,22.43882758302414,-0.9785384008444449,-2.134780255986811
-0.5494119835563902,-22.86772074796484,-0.06965440829725078,22.37886501864633,-0.9660462453763909,-2.1277664237568863
-0.5253038997098556,-23.059960642907324,0.18679537399136642,22.312572760601366,-0.9460287385176991,-2.117382020861702
-0.49021360951901205,-23.250371235015194,0.42929020311119104,22.259226939568688,-0.9165976448458037,-2.102809914243624
-0.44222865796328653,-23.43413374934878,0.6389389732005073,22.232612448393144,-0.8761098737844054,-2.0833421298622166
-0.3803444211649595,-23.610698054587893,0.8100781648495832,22.237485824382418,-0.8236866156500657,-2.0588064761978373
-0.3082820166573706,-23.780072415951604,0.9415728327533532,22.274854951301894,-0.7624833139531051,-2.03124982947382
-0.2392426066349702,-23.940259767732787,1.0313803626409495,22.3450650528512,-0.7037707129766092,-2.0064186176095133
-0.18829051503494537,-24.088481297364442,1.0780208941925984,22.44732905808059,-0.6604387914718449,-1.989832441620764
-0.15847712822513746,-24.223260547354393,1.0827029381167645,22.579163030099384,-0.6351298232908162,-1.9817910742015736
-0.14430356225577903,-24.343686029507936,1.04757323441815,22.737418885189683,-0.6231757533146376,-1.9797721963732222
-0.1397625214924724,-24.448465853509553,0.9739498696863642,22.91934033693533,-0.619461309305995,-1.981487283463467
-0.1407231015133638,-24.535915544237152,0.8619840980762454,23.122958857526015,-0.6204648206630616,-1.985460996704035
-0.14472837572301223,-24.60434024707109,0.710923257587615,23.34718972730737,-0.6240902652481496,-1.990797377728217
-0.15046397853188562,-24.65260906886304,0.5198428921112835,23.591627221976527,-0.6292174793598709,-1.9969236458695878
-0.1573565355881757,-24.681262436694652,0.2899110647513451,23.85532142158758,-0.6353626453637826,-2.003399513967545
-0.16526416924685972,-24.694869663874744,0.030196043542533302,24.133247959278457,-0.6424159178461881,-2.0097576711804055
-0.17415312272859648,-24.704473844251794,-0.23573037248541184,24.412195225965668,-0.6503612565670193,-2.0154471531318023
-0.1838807659183611,-24.72346907877906,-0.4792400217965493,24.67647363506835,-0.659079887322386,-2.020079686962191
-0.1943330754909528,-24.75907751887474,-0.6864913188342958,24.919493974092887,-0.6684660836463799,-2.023671670712819
-0.20558529545314883,-24.812397114331795,-0.856945967761962,25.14207980282024,-0.6785742864243794,-2.0264837749609104
-0.21788965223973414,-24.882174364444555,-0.9938831090752471,25.34653232038584,-0.6896131715931222,-2.028840526884555
-0.2316406852116039,-24.9665817039874,-1.1004358152968505,25.534397125485054,-0.7019153474538822,-2.031086882537256
-0.24737050168087027,-25.063690506379388,-1.1788596057937966,25.70621181372059,-0.7159316192492565,-2.0335976998880687
-0.26576605966086164,-25.171581513143213,-1.230651953278076,25.861744142517214,-0.7322441517465703,-2.03679744817449
-0.28770480282664124,-25.288405479039696,-1.256787917408042,26.000291301299313,-0.7515953853341923,-2.0411846679563865
-0.31431614714747325,-25.41246422516866,-1.2579035786919075,26.120944712782045,-0.774938933618087,-2.0473680489016943
-0.3470856443670298,-25.542314765735437,-1.2343956741613158,26.222794783001476,-0.8035265074482804,-2.056126467947087
-0.38802781755438365,-25.676885647735627,-1.1864309691298311,26.30506010735171,-0.8390524413744177,-2.0685106893192673
-0.43996504598298486,-25.81559995031466,-1.1138575509546564,26.367127231441287,-0.8838866024352363,-2.08601279864213
-0.5069604332806481,-25.958513759478027,-1.0160011068982633,26.408488812651296,-0.9414345630501103,-2.1108411487977214
-0.5949289065401226,-26.106496003158973,-0.8913203576652022,26.428568658499223,-1.0166420497043378,-2.146338225926313
-0.7122191550361512,-26.26146466877707,-0.7369415493701212,26.42643645345915,-1.1164607902794423,-2.19747036051318
-0.8687602339853928,-26.42646762753639,-0.548559246591813,26.40060624994711,-1.2490741666077316,-2.2706435710136885
-1.0679132123621042,-26.604110296204126,-0.32383891784180896,26.35044883183709,-1.4169431572242357,-2.3693489162056056
-1.281764453138874,-26.78941934775694,-0.07809390335496871,26.28457186667344,-1.5960924776079408,-2.4792495709614073
-1.452984455486078,-26.967384442835957,0.14855839530441545,26.227435418170106,-1.7384035522337042,-2.5671758717282183
-1.5657972003465173,-27.13174389512241,0.336302699592056,26.19395625069755,-1.8312921599648944,-2.6233473021814078
-1.6376461448917707,-27.284748170401013,0.4882572200047023,26.184313108771622,-1.8898174392680536,-2.6575425280323652
-1.68467105916346,-27.429501562263226,0.6104187260403032,26.195981285795625,-1.9276525971127358,-2.678695471653996
-1.716482693021753,-27.568111162160683,0.7067461301901679,26.227214470425988,-1.9528842471047199,-2.691988867915452
-1.738500653921296,-27.70174260743942,0.7793676627659591,26.277077149150355,-1.970054444878773,-2.700274059220658
-1.753875868086596,-27.830854329523014,0.8292009918990019,26.34511476638097,-1.9817972091515743,-2.705172135745058
-1.76453570716318,-27.955356971181565,0.8563654203215572,26.431119672622373,-1.989720965805507,-2.707653435509279
-1.7717257662646126,-28.074714917996182,0.8604296623120384,26.53499447735486,-1.9948635783880675,-2.7083299750114667
-1.7762954864275604,-28.188026912907432,0.8405679684243372,26.65668506094737,-1.997931194942892,-2.7076052544819076
-1.7788510362672498,-28.29411491307527,0.7956741532416771,26.79616528617348,-1.9994257326411202,-2.7057510441750336
-1.779834889945976,-28.391646957408696,0.7244805681746018,26.95345297637471,-1.9997114759163916,-2.7029436689896364
-1.7795611142867795,-28.479327710959918,0.6257624464753545,27.128610921243013,-1.9990456012676967,-2.6992750090748165
-1.778220234586144,-28.556219510179996,0.49880270643652685,27.321620989476045,-1.9975847941128497,-2.69474499086555
-1.7758587839612272,-28.62231388308115,0.3444678106147494,27.531898326064958,-1.9953730020842912,-2.6892385938273318
-1.7723352082167618,-28.679488375567303,0.1673296174268412,27.75713018417581,-1.992312705246472,-2.6824939782628583
-1.767264320705108,-28.732593129914328,-0.021666858272232553,27.991638690882635,-1.9881298201516613,-2.6740874154335827
-1.7599839584080912,-28.789235406276394,-0.2054593883346221,28.22626243426783,-1.9823565640314968,-2.6634731601012223
-1.749531026013861,-28.856992968407383,-0.36716400356089646,28.451711005850367,-1.974319029639907,-2.6500250977060533
-1.7344910636780984,-28.94062963368465,-0.4960849626734908,28.661835647820425,-1.9630287154132804,-2.632912694565851
-1.712615165165364,-29.04206677531018,-0.5871463509112758,28.853198066025314,-1.9469067076414162,-2.6107722755122107
-1.6801571112063052,-29.161736723377253,-0.6375869237587004,29.02322535018276,-1.9233103419358104,-2.5812062917582175
-1.6308042508430634,-29.299800953722407,-0.6445645834210614,29.169065629478222,-1.8877678914439837,-2.540011040836728
-1.5544296431812996,-29.457096583344203,-0.6037627764760164,29.287124695922525,-1.8330688465870195,-2.480230145322207
-1.4395101163229083,-29.63519997147657,-0.5097074621386688,29.37330942316447,-1.7509112366035433,-2.3936230259363285
-1.2967903272073746,-29.83085681288018,-0.3664312346820849,29.427728859863763,-1.6486652534444532,-2.287056227667267
-1.1854016589212244,-30.0275778199795,-0.20698079199467342,29.466225001162513,-1.5684049870677241,-2.2018979406042867
-1.1250184298782258,-30.216761748862552,-0.05409498661512832,29.503574921694987,-1.5245196736559872,-2.1523951587516033
-1.0951834592414187,-30.39870973491714,0.08744142307373184,29.545377147248825,-1.5025279234320783,-2.1242638483005445
-1.0815273605487616,-30.572863554886567,0.21124010861652676,29.597513286864494,-1.4921597122319008,-2.107435377825331
-1.0769360085224875,-30.738058620236348,0.3109458912048372,29.665101392103963,-1.48831868477175,-2.0969247571976695
-1.0777924726110413,-30.89341002864787,0.3826004927240082,29.751122399236984,-1.4884129017421062,-2.0901941396455856
-1.0821454448204986,-31.038350035778063,0.42452607539911014,29.85659478677553,-1.4910448878576237,-2.085870105451235
-1.0888925739817994,-31.17245143961886,0.4365033757201354,29.98121626126394,-1.4954264607690348,-2.0831724685797774
-1.0973976572747226,-31.295371420935908,0.41920291684815947,30.1238652775258,-1.5011044158015445,-2.0816466003647376
-1.1073089567688792,-31.40695078581747,0.37400830818346437,30.282865558637607,-1.5078304887775367,-2.081036592124758
-1.1184781970160529,-31.50742803422264,0.3031626257879463,30.456046141864576,-1.515503521684256,-2.081229316306074
-1.1309325845809457,-31.597724222303846,0.21017033710560998,30.640624553349955,-1.5241494594727276,-2.0822363468657072
-1.144875463328459,-31.679722911095027,0.10031519900400854,30.83298306308133,-1.533921295593598,-2.0841969658332684
-1.1607018356429024,-31.756372435680245,-0.019100393819716774,31.028565855180297,-1.5451085453304687,-2.0873926177671933
-1.179022515502674,-31.831369360947214,-0.13939451919711604,31.222250800935953,-1.558151526743292,-2.092267489734633
-1.2007038160679746,-31.908403824357062,-0.2521135702245756,31.40923951065384,-1.5736660337942197,-2.099458241217381
-1.2269468363414997,-31.990407148499333,-0.3505967321541872,31.585864256924214,-1.592496491215496,-2.109849213308356
-1.259438974720939,-32.0792777409752,-0.4304263198053631,31.749721849228642,-1.6158200400454492,-2.124677988791065
-1.3006145260797903,-32.17607906985101,-0.48886054100753606,31.89925390090473,-1.6453246171454963,-2.145718811100599
-1.3540785333649006,-32.28142901799776,-0.523950843695528,32.03320950481087,-1.68349444252428,-2.1755790241827073
-1.4252647159790268,-32.395907531030076,-0.5337447835872313,32.15020916068967,-1.7340444982771523,-2.218144481983523
-1.522298642940363,-32.520455204195045,-0.5156314182348353,32.2484179868664,-1.8024675009327233,-2.279105771354747
-1.6562565183061766,-32.656659135255985,-0.4660465506124748,32.32542690055917,-1.8961028508175048,-2.3658405251592085
-1.8363079511874643,-32.805975214006544,-0.38243966825524633,32.37939262584675,-2.0206221048056277,-2.4831167128443377
-2.047292084215819,-32.96464114621279,-0.2741095740676683,32.415364253747825,-2.1648093977273373,-2.6162629516488978
-2.2307161526037844,-33.1190927766869,-0.1732813554384744,32.453066473135564,-2.2889861083509953,-2.7220791995821587
-2.3534249768458815,-33.26258930712622,-0.0984581899376131,32.50566838903088,-2.3718158034205765,-2.7834985712606346
-2.4297596178565275,-33.39820802745511,-0.04283515496207565,32.56976702340984,-2.4235604684547667,-2.815676867733764
-2.478450271768132,-33.529567142857715,0.0020129161953426483,32.64046393414902,-2.4569742946288553,-2.8322585750102474
-2.510862802377241,-33.65876799674052,0.04043670575769902,32.71541832440754,-2.4797097319199697,-2.8403882696078346
-2.53318434044691,-33.78683851725112,0.07408241163272825,32.79397484119617,-2.4959066757000206,-2.8435947942811457
-2.5488518043709063,-33.91421923639227,0.103219830408324,32.87630704562999,-2.5078565442993948,-2.8436934929123767
-2.5598630647390186,-34.041039537407,0.12746056716002674,32.96296185893597,-2.516890413042064,-2.841664366719804
-2.567428821219086,-34.16726571336549,0.14613824156228078,33.054620386709075,-2.5238180595840825,-2.8380503447528826
-2.572302320565115,-34.292786427108446,0.15853030023378595,33.15195882474077,-2.529149530807371,-2.8331457828652575
-2.5749516151883225,-34.41746979050026,0.16400672319651935,33.25555643956604,-2.533211287889786,-2.8270895595246768
-2.575650798205856,-34.54120924512789,0.1621454918133058,33.36582670753474,-2.5362087937905957,-2.8199117113385928
-2.574525838083564,-34.663966771196,0.15283369537585134,33.48296035029206,-2.5382598911055787,-2.8115553947570335
-2.5715711761797833,-34.78581655852588,0.1363612848065981,33.606875553314936,-2.5394104464290277,-2.801883978421498
-2.5666428298712525,-34.90698776880826,0.11350506782478617,33.737175594422695,-2.5396371706670533,-2.7906769746384534
-2.559426500327616,-35.027901002035954,0.08559200235516509,33.87311884878153,-2.53883844535675,-2.7776141991635352
-2.549371527833423,-35.14919094879087,0.05452577060348185,34.01360975280638,-2.5368103056266618,-2.762242518095471
-2.5355697561659873,-35.271710590425634,0.02276550182468383,34.15721867048179,-2.5331996632526996,-2.7439112253805025
-2.5165364478579164,-35.39652411843196,-0.006731568436666297,34.302229646866735,-2.527417841069859,-2.7216462943052604
-2.4898075804135247,-35.524919221196406,-0.030546270813111225,34.44669601061887,-2.518480132074174,-2.6939021068810773
-2.451192394281758,-35.65850380738666,-0.044692423876750945,34.588459472209976,-2.5047065622352642,-2.658067358174129
-2.3934735136878134,-35.79947568549465,-0.04421968392184264,34.72508591995964,-2.48319983486268,-2.6095204870927042
-2.3051192185562566,-35.95093136170307,-0.02282957331024783,34.85388574071,-2.449327321370815,-2.5403363725434067
-2.176689993797934,-36.114902427391755,0.02305266729260708,34.97387119736076,-2.399327642964414,-2.441926526483344
-2.0407272083726062,-36.28036371756295,0.07101224610082531,35.095350416258995,-2.3466780071299587,-2.3300188322220774
-1.9587714430789054,-36.42873668058616,0.08255416962715054,35.23540722529847,-2.316973766211924,-2.245732557981153
-1.9199071685636198,-36.5624563566873,0.0630455518988163,35.39118986392146,-2.305602695378902,-2.1878126502475768
-1.9014889460634294,-36.687745826456506,0.026448037377554245,35.55570140972333,-2.302958907004382,-2.1429751581161973
-1.8928493334456657,-36.80832604185533,-0.018605666242402258,35.72428311435443,-2.304502416070124,-2.104370785718491
-1.8894305762138286,-36.926599512928846,-0.0661603122721379,35.893358266143466,-2.3082947493273087,-2.0690407249003826
-1.8891725105242885,-37.044353482188804,-0.11151793768173711,36.05987384142431,-2.3134641915428067,-2.035704392364101
-1.8911013186962726,-37.16293355717674,-0.15095436389950545,36.221267524948395,-2.3196036395839004,-2.0038231062491856
-1.8947662153062201,-37.283262980118984,-0.18173461072851246,36.375543053216056,-2.326529694519458,-1.973207564750377
-1.8999971230033041,-37.4058623101218,-0.20210943635351847,36.52130706085819,-2.33417894720129,-1.9438431804827263
-1.90679482949514,-37.53090381748036,-0.2112328766002409,36.65774825246354,-2.34256103701078,-1.9158104448916689
-1.9152823907464698,-37.65828825393431,-0.2090315506793575,36.784582209820904,-2.3517379920058903,-1.8892511415681421
-1.925689225616027,-37.78772421937924,-0.19606432111129066,36.90198464120543,-2.3618175672026966,-1.8643588438997312
-1.9383566081633055,-37.918798038782526,-0.1733907957166121,37.01052220829156,-2.3729556663810314,-1.8413839305418325
-1.9537616148725843,-38.05103163265886,-0.14244735691130028,37.111078497214265,-2.38536647061954,-1.8206493642617034
-1.9725621852930513,-38.183932681328066,-0.10491796719097785,37.204766930225006,-2.399341202667539,-1.8025773189263077
-1.9956717255169547,-38.31704488504151,-0.06258365403485296,37.29282159513297,-2.415278715849144,-1.7877299906350843
-2.024379737778779,-38.45000710546709,-0.017136990473215173,37.37645943955234,-2.433734061379008,-1.7768713907585587
-2.06054744806704,-38.58263043186568,0.030048088012087408,37.45671053599266,-2.455495411030273,-1.7710606296888838
-2.106925598491763,-38.71500454625276,0.07820147246580765,37.53421356453204,-2.4817048570537183,-1.7717887972875845
-2.167656976255571,-38.847650088152065,0.12751435087190133,37.60897119931339,-2.514039027383663,-1.7811584098050983
-2.2489708643928465,-38.98172631461262,0.1795641567648973,37.68007866142527,-2.5549284327836483,-1.8020203402257067
-2.3595808360011383,-39.11918319897913,0.2375463535536012,37.74560592376298,-2.6075645852489355,-1.837601852400179
-2.5078275288989054,-39.262096561857426,0.3047647644759064,37.80359498994491,-2.6744528716771474,-1.888808259458809
-2.6865284800782367,-39.40892343020245,0.37701581033475673,37.856732999065066,-2.751304229637104,-1.9457267266085196
-2.8538590517603226,-39.55056961795177,0.43428691003789394,37.91755196689973,-2.82118980917895,-1.9840106609318535
-2.973852029227802,-39.67995490647441,0.45920873262125494,37.99775265355824,-2.8718278588112383,-1.993503914785535
-3.04989119443665,-39.796799444688034,0.45044219782887757,38.09859236415649,-2.9060448876710923,-1.984429460951346
-3.0972951658340695,-39.90294597495159,0.4130314659644562,38.216727353657696,-2.930171425515231,-1.9665696255893057
-3.1275641385537845,-40.00018482766794,0.351910585611912,38.34890149566312,-2.9485753981073657,-1.9449349792502049
-3.1475113637002767,-40.090107561154035,0.27124211634484724,38.4924936543238,-2.9637179821199933,-1.921821608248707
-3.1610289012027195,-40.17449379855868,0.1753629884770407,38.644952413377474,-2.9769488888944515,-1.8982850271535099
-3.170379050236143,-40.255665895682554,0.06967964523903285,38.80326010049621,-2.989024530821788,-1.874791592347596
-3.176909300213907,-40.336587822052806,-0.03901994246808754,38.96372562669225,-3.000382435661117,-1.8514912055692414
-3.181425391810969,-40.4205812552892,-0.14312705317814028,39.122252467136576,-3.0112830552980245,-1.8283484985282654
-3.1843831843091106,-40.51076166657699,-0.23540060853809344,39.27493365872325,-3.0218858729812865,-1.8052287762567822
-3.185989017272042,-40.60954292224123,-0.3099727646615094,39.4185259420353,-3.0322940279596744,-1.7819622180098105
-3.18625420500536,-40.71846585363296,-0.3626252670077874,39.55053143344983,-3.0425836662663186,-1.7583827940997578
-3.185021336117087,-40.83830325830709,-0.39052172393978096,39.66902998112472,-3.05282533274353,-1.734342638893654
-3.1819654024066732,-40.969264481861856,-0.39184638123354376,39.77252975291506,-3.0631015789971228,-1.7097105754650905
-3.1765657762012083,-41.11117820583298,-0.36562315478361274,39.85998158472816,-3.073524620202699,-1.6843630709923085
-3.168038931707735,-41.263599532841795,-0.3118073731796437,39.9309919295615,-3.0842587796894647,-1.658172725369027
-3.1552138018043063,-41.42580920785189,-0.231683225779472,39.98623287047647,-3.095554466650566,-1.6309989213942082
-3.1363214183150827,-41.596689405605446,-0.12854742522079535,40.02801066530191,-3.107803746491564,-1.602688914676543
-3.1086560763012576,-41.7745484530604,-0.008410210229942636,40.06079114258671,-3.121632506876459,-1.5731056038519615
-3.068043647302256,-41.95716200190528,0.12008436921683176,40.0911485808786,-3.1380515417021204,-1.5422110191181069
-3.0081062496135185,-42.142350294600284,0.24741234736322498,40.126571512456096,-3.1586849606387752,-1.5102617829106246
-2.9202360736943627,-42.32870841173231,0.36562928955912255,40.17372230603207,-3.18591145059643,-1.4782292805331958
-2.8007376518221583,-42.514150393338916,0.4665380005664878,40.23882150661135,-3.221459651368566,-1.4482748898277913
-2.6781573908060046,-42.689325924882944,0.5307807616341107,40.33218310604215,-3.259758991589821,-1.4214571469090034
-2.599900803047909,-42.84240085610755,0.5372714011049157,40.46370181897481,-3.289152511951999,-1.3925854742735844
-2.563093192868092,-42.97265963859759,0.4876445041083594,40.63095934321069,-3.3089713118854887,-1.3578296793066196
-2.548117477589579,-43.08299397870179,0.39102765498069786,40.82733633161947,-3.3233938907067357,-1.3181043578195017
-2.5435187702661337,-43.17610917077999,0.2555431619699778,41.04729548141432,-3.335105578912805,-1.27475525373703
-2.543989554703725,-43.25592744128034,0.09141210739630565,41.28457664837051,-3.3454135153319586,-1.2285193932439953
-2.5470686856382474,-43.32904505148988,-0.08565991816790527,41.530034180451416,-3.354947890090738,-1.1798478365097642
-2.5515837733848645,-43.40392034064009,-0.25615833808917354,41.77232120704563,-3.3640207713599866,-1.129238483902311
-2.5570393342627002,-43.48766029659965,-0.40387908358622676,42.00183015599698,-3.3727691100476878,-1.077280944045187
-2.563358602746067,-43.5839133652488,-0.5201998747675701,42.213060262007694,-3.3812147995009267,-1.0244950226317495
-2.570726689875726,-43.69344815098701,-0.6022372832315243,42.403487781121,-3.3893038255734473,-0.9712261687759493
-2.579497724550434,-43.8154973210259,-0.6497618350347925,42.57183926970375,-3.3969306253770206,-0.9176490732350353
-2.5901592904920614,-43.948680729198934,-0.6634682551800702,42.71725433364949,-3.403946603891729,-0.8638046407685622
-2.6033409516757104,-44.09151241208839,-0.6443258703641572,42.83910941815189,-3.410155330710515,-0.809631330180957
-2.6198641294858867,-44.242680897718714,-0.5934160889219724,42.93710714090436,-3.4152945500461884,-0.7549833661852061
-2.6408439493045073,-44.40118955908425,-0.511985898865591,43.01144675838063,-3.419000890483217,-0.6996342833985206
-2.667865464603029,-44.56636257961563,-0.40169344596893314,43.06305736172967,-3.4207485807676457,-0.6432636685765175
-2.703267641049674,-44.737684420279656,-0.26515546085910846,43.093972579225365,-3.4197481812731154,-0.585426688170482
-2.750571891328437,-44.914465963801106,-0.10685166970986876,43.10789759793509,-3.41478689317158,-0.5255167944050403
-2.8150638335198925,-45.09552207365715,0.06610326645665468,43.11066522294557,-3.4039955888135314,-0.46276852663947
-2.9043815343779245,-45.27937139932628,0.2447433754051055,43.10965539383263,-3.384571521476791,-0.39645413144552144
-3.0280370804716226,-45.465050429076605,0.42096897723319615,43.11184294865407,-3.3527906813087536,-0.32674023001672214
-3.1906042210128387,-45.65158006901262,0.5877014148046167,43.122952065634884,-3.306129601952837,-0.2572837629046845
-3.3697979918920593,-45.834056729269676,0.7324073378879139,43.14994764237382,-3.2510449505296743,-0.19834300234182184
-3.5167720887817544,-46.00541315913675,0.8397794803589385,43.200864932401096,-3.2044824247079124,-0.15766608815476127
-3.6136860242020474,-46.1641775065042,0.9047937475926997,43.27996847873578,-3.1741506892540725,-0.12940792846751928
-3.6728943618355485,-46.31128230682031,0.9295645991142606,43.38669762294451,-3.156863338597095,-0.10626181862382374
-3.7087275756972646,-46.447115194970635,0.9169417123845254,43.518809045435965,-3.148034801297089,-0.08505417119122377
-3.7304940057743363,-46.57108759847217,0.8683126663517419,43.67431127363211,-3.144508848762702,-0.0648543845024113
-3.743647738946214,-46.68193172063542,0.7836961100040406,43.85178201810217,-3.144366703471321,-0.045543999260704446
-3.7513792129754435,-46.778163414241455,0.662322467121933,44.0502985069401,-3.146451200928099,-0.02728547078319444
-3.755565032512682,-46.85870606341951,0.5035585153302556,44.2691623236608,-3.1500662907918793,-0.01034377744382789
-3.7572711240507366,-46.923966743360296,0.30898311228759323,44.50693319021832,-3.154818396286209,0.004991959947569772
-3.7570337540659757,-46.977780877365895,0.08686191761711029,44.75898779120944,-3.1605297938966928,0.018507846192604947
-3.75506911118984,-47.02941328315629,-0.14272416752400982,45.01458491690062,-3.167166620358673,0.030258011873719952
-3.751443089540072,-47.09135581358879,-0.352572173778225,45.25949585703745,-3.174769583834327,0.04070302089369849
-3.746059336298807,-47.17259177398387,-0.5235248067294063,45.48421123102595,-3.1834710919517093,0.05048106019691072
-3.738491741895625,-47.276390698540965,-0.6481940217608064,45.68514284542469,-3.193606929899239,0.060081007121202235
-3.7278328717812936,-47.40272309037412,-0.7244608494388634,45.86047783187022,-3.205837365874978,0.06976366687906367
-3.7125086576832156,-47.550288510084975,-0.7510565181209876,46.007844202383545,-3.2213051823763683,0.07958596559932336
-3.6899079657589997,-47.7175462697907,-0.7261589986324032,46.12399140622421,-3.241932121057437,0.08938766205032078
-3.655587653260452,-47.9034609144248,-0.6470374345995704,46.205222145726225,-3.2710362110317077,0.09867649082817227
-3.60154612797088,-48.10834483747098,-0.5097146483697368,46.247934361567296,-3.3146679779299495,0.10625768726582716
-3.512718575635768,-48.334893544565844,-0.3084460954933963,46.249157666725075,-3.3843584738915005,0.10913112712910933
-3.3639804552963986,-48.58812242948783,-0.03810194316623289,46.20887479239754,-3.499716935955433,0.09983754093428149
-3.1605222821642474,-48.85878487840983,0.2691005237105241,46.15065051143554,-3.658405476102776,0.0707842519909196
-3.0389644302751124,-49.09592019890393,0.4903001286824785,46.14891974908501,-3.7567565222461115,0.05699495517632247
-2.995417661527197,-49.30051539989663,0.6204961519356215,46.208485397530474,-3.795779023559653,0.0697225525293815
-2.982838393696404,-49.483368881219164,0.6837733119003333,46.31454722363028,-3.810879834059785,0.09497275591262894
-2.9830167453373875,-49.647440735714916,0.689346478022122,46.4604485491254,-3.81593667701152,0.125902446869047
-2.989071514839415,-49.792193761093316,0.6404893134946491,46.64241295402303,-3.81624523507618,0.15986066507803012
-2.9980571470108455,-49.916042641427644,0.5387832027217339,46.85752487311006,-3.814101628065045,0.19586734811019335
-3.0086697293678495,-50.018027200216686,0.38654699863775677,47.10289859608075,-3.8105409896616185,0.23370788538834625
